{
  "dataset_manifest_version": "dino.dataset_manifest.v1",
  "created_at_utc": "2026-01-27T16:59:05Z",
  "items": [
    {
      "file": "test.jsonl",
      "sha256": "d2a9ae86409070855ce88814d1eb51fcb70bddfe7136a67b77e3af34bdddfffc",
      "bytes": 1089,
      "rows": 1
    },
    {
      "file": "train.jsonl",
      "sha256": "56f37dbbae18f9a0df58a49d06e5bac3ec263e033ef69026052469cb904a6fe5",
      "bytes": 20166,
      "rows": 18
    },
    {
      "file": "val.jsonl",
      "sha256": "6671565401c32fe234f2e775f728ed7c40dd2481717566286c00734f46804b93",
      "bytes": 1125,
      "rows": 1
    }
  ],
  "total_rows": 20
}
