{
  "dataset_manifest_version": "dino.dataset_manifest.v1",
  "created_at_utc": "2026-01-27T17:14:47Z",
  "items": [
    {
      "file": "test.jsonl",
      "sha256": "82df782c0272a66cd385c88fe113d3dbad4bf709cc1cf11d3e4ec80f952912b3",
      "bytes": 1708,
      "rows": 1
    },
    {
      "file": "train.jsonl",
      "sha256": "919bc6fb00df67745ce2b5583ec409d7ffed64222b43cc0b5c754c140c1615ff",
      "bytes": 1794,
      "rows": 1
    },
    {
      "file": "val.jsonl",
      "sha256": "129bbdec46a2d1a97ce3bc945f866846c635cafc967319c7fda553dbbc612a73",
      "bytes": 1723,
      "rows": 1
    }
  ],
  "total_rows": 3
}
