{
  "dataset_manifest_version": "dino.dataset_manifest.v1",
  "created_at_utc": "2026-01-27T15:02:13Z",
  "items": [
    {
      "file": "test.jsonl",
      "sha256": "908e78763350d0dd592dd163c623d9f14283073a9360c27a37874a3bc31d1058",
      "bytes": 1722,
      "rows": 1
    },
    {
      "file": "train.jsonl",
      "sha256": "5e854838f10dc7d1fade77a14eeb3ec29f2063d2faf7bc0f553d27e02e42e07f",
      "bytes": 30766,
      "rows": 18
    },
    {
      "file": "val.jsonl",
      "sha256": "a9e5aedd6c484b592c3280b1a43db2c331c0474f0f1b0091f71560c08dfd3ce7",
      "bytes": 1654,
      "rows": 1
    }
  ],
  "total_rows": 20
}
