{
  "tool_git_sha": "NO_GIT_REPO",
  "tool_version": "0.1.0",
  "car_inputs": [
    {
      "path": "built_10.jsonl",
      "sha256": "a7d6cc4e1495f321c45aadbaaa79f0f7b4d4400be3cf32b4828160d198edcccf",
      "rows": 10
    }
  ],
  "tef_outputs": [
    {
      "split": "train",
      "path": "train.jsonl",
      "sha256": "e511ab5974a8619858f15258ac1e90f99c47d246fb249712b0188c5fde77b8b4",
      "rows": 9
    },
    {
      "split": "val",
      "path": "val.jsonl",
      "sha256": "e3b0c44298fc1c149afbf4c8996fb92427ae41e4649b934ca495991b7852b855",
      "rows": 0
    },
    {
      "split": "test",
      "path": "test.jsonl",
      "sha256": "5a1d99d2c7f4e1d9be3bba092f7f2260fa95df4411c9baeb77e87cfd7c693e42",
      "rows": 1
    }
  ],
  "row_counts": {
    "train": 9,
    "val": 0,
    "test": 1
  },
  "tef_compact_labels": {
    "bad_label_rows": 0
  }
}
