{
  "dataset_manifest_version": "dino.dataset_manifest.v1",
  "created_at_utc": "2026-01-27T17:14:54Z",
  "items": [
    {
      "file": "test.jsonl",
      "sha256": "eea6945238f57eb8db28d7dd0c6f43a9d47970d072ca5ab2fcd861108e3e93b4",
      "bytes": 839,
      "rows": 1
    },
    {
      "file": "train.jsonl",
      "sha256": "7f49bd10a4915aade87e9f7793f3a144aabb25819a91c5430bd07429ea0fddaf",
      "bytes": 921,
      "rows": 1
    },
    {
      "file": "val.jsonl",
      "sha256": "fa09cb506db2c1c35e552f750364f8d780079ea957b84d93f1dad7b2971c8aeb",
      "bytes": 873,
      "rows": 1
    }
  ],
  "total_rows": 3
}
