{
  "dataset_manifest_version": "dino.dataset_manifest.v1",
  "created_at_utc": "2026-01-27T17:15:05Z",
  "items": [
    {
      "file": "test.jsonl",
      "sha256": "cd62f2b89561b67a573a68544d0c15af89e3bc5397fbe3de8cbe615d918098c6",
      "bytes": 1033,
      "rows": 1
    },
    {
      "file": "train.jsonl",
      "sha256": "07b100ec5ef0c70b45c0130e5e2c6683b747e12e7228d817e8813b99ed2a02ce",
      "bytes": 1059,
      "rows": 1
    },
    {
      "file": "val.jsonl",
      "sha256": "c4fa8b3810a44f1e5dbfca77ea119b23b37a88afbef8ec57e1db778419ac64a5",
      "bytes": 941,
      "rows": 1
    }
  ],
  "total_rows": 3
}
