{
  "dataset_manifest_version": "dino.dataset_manifest.v1",
  "created_at_utc": "2026-01-27T17:14:38Z",
  "items": [
    {
      "file": "test.jsonl",
      "sha256": "e934956242692124efbc25af86a5c6ecb11510cabea9ed9c44dad485858fe324",
      "bytes": 1062,
      "rows": 1
    },
    {
      "file": "train.jsonl",
      "sha256": "c477cc9fb9d9a345264bcaa056a66eedf3323e327c35a363bf370d8a2a0324c4",
      "bytes": 929,
      "rows": 1
    },
    {
      "file": "val.jsonl",
      "sha256": "0f56265ad55e5e800479984e88c2f078d6f2d3cf16232208d3cb90502a39e04d",
      "bytes": 1034,
      "rows": 1
    }
  ],
  "total_rows": 3
}
