{
  "dataset_manifest_version": "dino.dataset_manifest.v1",
  "created_at_utc": "2026-01-26T22:57:21Z",
  "items": [
    {
      "file": "test.jsonl",
      "sha256": "4575ac78161d6379b945b2ddd36a6c0d05b427c90d117fbc81fb895c88b57195",
      "bytes": 969,
      "rows": 1
    },
    {
      "file": "train.jsonl",
      "sha256": "7bbb70f9fbe01d8904378bec91c18f7a744da81745a9a5601b5601094516852c",
      "bytes": 18287,
      "rows": 18
    },
    {
      "file": "val.jsonl",
      "sha256": "e23d30f8befcb73faa26d509d44adef7938f97345ba2af101403477fc78a5a0c",
      "bytes": 1038,
      "rows": 1
    }
  ],
  "total_rows": 20
}
