{
  "dataset_manifest_version": "dino.dataset_manifest.v1",
  "created_at_utc": "2026-01-27T14:32:34Z",
  "items": [
    {
      "file": "test.jsonl",
      "sha256": "0670149420acda60b1cc00d349d74d19d9812fc966192200c5be46576a8b2e4e",
      "bytes": 1438,
      "rows": 1
    },
    {
      "file": "train.jsonl",
      "sha256": "e3b6c0ad1ac4d2ca20109e36811433a7df17bcfedcda8266365bec7bd4cf93c5",
      "bytes": 26861,
      "rows": 18
    },
    {
      "file": "val.jsonl",
      "sha256": "d873ae407ce677b8ff25e6375498094047597cd924b3e85f05fe9b3d230ab7af",
      "bytes": 1548,
      "rows": 1
    }
  ],
  "total_rows": 20
}
