{
  "dataset_manifest_version": "dino.dataset_manifest.v1",
  "created_at_utc": "2026-01-27T17:15:28Z",
  "items": [
    {
      "file": "test.jsonl",
      "sha256": "2095b55620fa85cb3f04fa8f710e12a95cd3fa120aa24b69385f89eb5dce77b2",
      "bytes": 1079,
      "rows": 1
    },
    {
      "file": "train.jsonl",
      "sha256": "c14b7ee6957228eccee8ec10e0e4dd0cdffcd0d19c601a94411b19639f26347d",
      "bytes": 934,
      "rows": 1
    },
    {
      "file": "val.jsonl",
      "sha256": "b5f12d9f222a952454a3b82ce7586ab7380eab309c8253893d41aa7a682796cc",
      "bytes": 1107,
      "rows": 1
    }
  ],
  "total_rows": 3
}
