{
  "dataset_manifest_version": "dino.dataset_manifest.v1",
  "created_at_utc": "2026-01-27T17:16:13Z",
  "items": [
    {
      "file": "test.jsonl",
      "sha256": "92ca07afdb066568d08c3e2118878477f5dd3206705407c6e85e4fa3a24d2261",
      "bytes": 1238,
      "rows": 1
    },
    {
      "file": "train.jsonl",
      "sha256": "6f02a9418ba656f3b6cf9ccd57524bef37af3797ad62b4415e9e268e5af7fa3d",
      "bytes": 1626,
      "rows": 1
    },
    {
      "file": "val.jsonl",
      "sha256": "4ee40d5a7494366d9708e0ad2593de5b458bda3faf4643381dec88352c507800",
      "bytes": 1375,
      "rows": 1
    }
  ],
  "total_rows": 3
}
