{
  "dataset_manifest_version": "dino.dataset_manifest.v1",
  "created_at_utc": "2026-01-27T15:23:23Z",
  "items": [
    {
      "file": "test.jsonl",
      "sha256": "f161b647fa452c8933d44a1cb95ad7d515a27a3c9dfcca38f90b96832f16dcd5",
      "bytes": 1395,
      "rows": 1
    },
    {
      "file": "train.jsonl",
      "sha256": "410adfa8295e082236803d965ca330f825db41d4d6ad39d9ed60bfe958e92854",
      "bytes": 24705,
      "rows": 18
    },
    {
      "file": "val.jsonl",
      "sha256": "adbe51bce12207814aec90649bad95e4658df63881d34ce181fb83ad574d9045",
      "bytes": 1447,
      "rows": 1
    }
  ],
  "total_rows": 20
}
