{
  "dataset_manifest_version": "dino.dataset_manifest.v1",
  "created_at_utc": "2026-01-26T22:53:22Z",
  "items": [
    {
      "file": "test.jsonl",
      "sha256": "dcf450cd8af9839b638cbff3e7272c7540cf6c41da5129f19b76d729fe13980e",
      "bytes": 1070,
      "rows": 1
    },
    {
      "file": "train.jsonl",
      "sha256": "0c4618d799abe0a9fa9fe0c0b1423871901922b249238d8bc5b7bdebf5079b0f",
      "bytes": 18389,
      "rows": 18
    },
    {
      "file": "val.jsonl",
      "sha256": "00db8e42b888ef90f5294eff98bc71c8b3b9cfe9b8dedd6915956df6f1bf5c7b",
      "bytes": 991,
      "rows": 1
    }
  ],
  "total_rows": 20
}
