{
  "dataset_manifest_version": "dino.dataset_manifest.v1",
  "created_at_utc": "2026-01-27T17:15:49Z",
  "items": [
    {
      "file": "test.jsonl",
      "sha256": "88cb09347c50feb9c81bfd04a51905a86809432043956e273cf928a7f00bc02e",
      "bytes": 1495,
      "rows": 1
    },
    {
      "file": "train.jsonl",
      "sha256": "14e8af59586d4e90c2d90a5694e202f9b31fadfabfa8d5075fe7720dca3b7f3c",
      "bytes": 1321,
      "rows": 1
    },
    {
      "file": "val.jsonl",
      "sha256": "2940b0cab09bf050bc6bdbeff1b79ecfd1c38f1bd183386e6ceb7465a908729f",
      "bytes": 1439,
      "rows": 1
    }
  ],
  "total_rows": 3
}
