{
  "dataset_manifest_version": "dino.dataset_manifest.v1",
  "created_at_utc": "2026-01-27T13:18:40Z",
  "items": [
    {
      "file": "test.jsonl",
      "sha256": "ed2915fc9ad7d9e1f15581a36f426ca5a63b72eb884c164722b65d0828efdcec",
      "bytes": 735,
      "rows": 1
    },
    {
      "file": "train.jsonl",
      "sha256": "1bb9b39e4ef9fe12bf20f245557c2f02f9f8964b6f64bda4428fb2ca64da8433",
      "bytes": 14245,
      "rows": 18
    },
    {
      "file": "val.jsonl",
      "sha256": "ca8551cfc58e03ba2341ff985835170af5a2836ffd768d83206cdee487c48eb9",
      "bytes": 740,
      "rows": 1
    }
  ],
  "total_rows": 20
}
