{
  "dataset_manifest_version": "dino.dataset_manifest.v1",
  "created_at_utc": "2026-01-26T23:06:00Z",
  "items": [
    {
      "file": "test.jsonl",
      "sha256": "f07dbdd0559903dbd704d07fceb4d036460e37e677aadb1f3149d540bed1492a",
      "bytes": 838,
      "rows": 1
    },
    {
      "file": "train.jsonl",
      "sha256": "cdd6cbbdffb80434e71e40303ac58c8c264e790175896ecd502ee29de4c7b9c9",
      "bytes": 15583,
      "rows": 18
    },
    {
      "file": "val.jsonl",
      "sha256": "9daad8b3029912e79eab61ba0264905ce8324bf449b558a523b2b9665d6b79da",
      "bytes": 849,
      "rows": 1
    }
  ],
  "total_rows": 20
}
