{
  "dataset_manifest_version": "dino.dataset_manifest.v1",
  "created_at_utc": "2026-01-26T22:43:07Z",
  "items": [
    {
      "file": "test.jsonl",
      "sha256": "393ba5f548a4c27cf5c04017465eeabf3ce4d81490930afa604c427c32a1d1b8",
      "bytes": 1564,
      "rows": 1
    },
    {
      "file": "train.jsonl",
      "sha256": "0480d5fa8b508f4345bf2e936a15c4f3f167c6cdacb2e3e6763083a0e5b31d43",
      "bytes": 29465,
      "rows": 18
    },
    {
      "file": "val.jsonl",
      "sha256": "dfba9dc27fc33ef4866b6683471112bd47e1916891dab3332a5613bd09b3413d",
      "bytes": 1568,
      "rows": 1
    }
  ],
  "total_rows": 20
}
