{
  "dataset_manifest_version": "dino.dataset_manifest.v1",
  "created_at_utc": "2026-01-27T17:15:10Z",
  "items": [
    {
      "file": "test.jsonl",
      "sha256": "8f585a966868dd27196f562aa5182b3d9a7abf05405b348d8eb4173e92a0a779",
      "bytes": 850,
      "rows": 1
    },
    {
      "file": "train.jsonl",
      "sha256": "655ea3a288e8ac9faf264c44b5d9ddddd640690406cdcd0a41d3f72725824ae9",
      "bytes": 907,
      "rows": 1
    },
    {
      "file": "val.jsonl",
      "sha256": "6bd3f903bd9a4aca4de007c9545a34bba3e28f69b0f5c83b7884dfe0ee5ab5fd",
      "bytes": 865,
      "rows": 1
    }
  ],
  "total_rows": 3
}
