{
  "dataset_manifest_version": "dino.dataset_manifest.v1",
  "created_at_utc": "2026-01-27T17:16:00Z",
  "items": [
    {
      "file": "test.jsonl",
      "sha256": "6bab90fb38bfdb8029044cb5f0c676490cc9da1a79f0238bb1421a17db4c853d",
      "bytes": 1368,
      "rows": 1
    },
    {
      "file": "train.jsonl",
      "sha256": "53d6ea85a412e9de6a2d97542f5cb3514835b27ef979d582b730f89709ea6032",
      "bytes": 1366,
      "rows": 1
    },
    {
      "file": "val.jsonl",
      "sha256": "09584e89d782010dde11c0ffbaaca831d4720c29c15e3b11491817349d55019a",
      "bytes": 1367,
      "rows": 1
    }
  ],
  "total_rows": 3
}
