{
  "dataset_manifest_version": "dino.dataset_manifest.v1",
  "created_at_utc": "2026-01-27T16:58:24Z",
  "items": [
    {
      "file": "test.jsonl",
      "sha256": "7bc12916847d2cb80c4239f110292a257e7ef6e1381c16e3a4e65ff668939d10",
      "bytes": 969,
      "rows": 1
    },
    {
      "file": "train.jsonl",
      "sha256": "eb997c5d67590f057e1bbfdcfe997a34614afb367681795ee2e654a6469f09cd",
      "bytes": 18287,
      "rows": 18
    },
    {
      "file": "val.jsonl",
      "sha256": "27491dfbaa383122653d49ec6f37e3d76c9300e0660e75ee24a943befc8299bc",
      "bytes": 1038,
      "rows": 1
    }
  ],
  "total_rows": 20
}
