{
  "dataset_manifest_version": "dino.dataset_manifest.v1",
  "created_at_utc": "2026-01-26T22:17:58Z",
  "items": [
    {
      "file": "test.jsonl",
      "sha256": "91188d68ae607bd9aaa195eeadc734be3b378e8479ea7037c73061b4001cfbca",
      "bytes": 846,
      "rows": 1
    },
    {
      "file": "train.jsonl",
      "sha256": "7a33ff3e5e2714ea14509890e013a1ff67388f90261e5dd7aeadea1b2a06f255",
      "bytes": 15540,
      "rows": 18
    },
    {
      "file": "val.jsonl",
      "sha256": "89da153aff249bc6002e2508787e5a1d86bce6e7099cc2f240d0655625abd7c7",
      "bytes": 895,
      "rows": 1
    }
  ],
  "total_rows": 20
}
