{
  "dataset_manifest_version": "dino.dataset_manifest.v1",
  "created_at_utc": "2026-01-27T15:35:15Z",
  "items": [
    {
      "file": "test.jsonl",
      "sha256": "8194ab3ba55171d0cb7a0b184f8c0555eb73f79b37aedb2d27dda6cd90529c8d",
      "bytes": 1607,
      "rows": 1
    },
    {
      "file": "train.jsonl",
      "sha256": "137d0d8bb7b3ba52000c872b0a5ede54dae32b89c5ebc622553bc89870cf2d75",
      "bytes": 29449,
      "rows": 18
    },
    {
      "file": "val.jsonl",
      "sha256": "6a7fa2f98d578b379cfd7ac4ea170499761f54a0a959677b6bb34b7110e3eeba",
      "bytes": 1706,
      "rows": 1
    }
  ],
  "total_rows": 20
}
