{
  "dataset_manifest_version": "dino.dataset_manifest.v1",
  "created_at_utc": "2026-01-26T20:18:19Z",
  "items": [
    {
      "file": "test.jsonl",
      "sha256": "a44251f87baa9e9ddcdf6d3376220fdae025e598db477b2acf151ccd6540b394",
      "bytes": 1810,
      "rows": 1
    },
    {
      "file": "train.jsonl",
      "sha256": "6b2ccd5fd48b52817b6f731312bf1d11a82933c319e9a84693c8bfa99116c289",
      "bytes": 32054,
      "rows": 18
    },
    {
      "file": "val.jsonl",
      "sha256": "0e9e502df1140504506acf3080265e97f1c3336228e2c65abbdcb9062a4f9140",
      "bytes": 1854,
      "rows": 1
    }
  ],
  "total_rows": 20
}
