{
  "dataset_manifest_version": "dino.dataset_manifest.v1",
  "created_at_utc": "2026-01-27T17:01:54Z",
  "items": [
    {
      "file": "test.jsonl",
      "sha256": "4fd1a58084ed2c70e527e0abaac88fe26cd029d11dc3dad683758971a6d46012",
      "bytes": 1231,
      "rows": 1
    },
    {
      "file": "train.jsonl",
      "sha256": "0b25fc59039bb5c63a0cb905aed1caeff8a04622153e1fa84d22ede070323916",
      "bytes": 25703,
      "rows": 18
    },
    {
      "file": "val.jsonl",
      "sha256": "67c9943fa0d8b32e959dfffa72ca37111cc0501fcf936d546b1e8f4f6fb39dd9",
      "bytes": 1450,
      "rows": 1
    }
  ],
  "total_rows": 20
}
