{
  "dataset_manifest_version": "dino.dataset_manifest.v1",
  "created_at_utc": "2026-01-27T17:15:52Z",
  "items": [
    {
      "file": "test.jsonl",
      "sha256": "3019dcb704ad50c47ebd4e2c2535581f0c3d28c794d8822d4845be8512011cbb",
      "bytes": 1190,
      "rows": 1
    },
    {
      "file": "train.jsonl",
      "sha256": "b110c5cc07ea1bcf8ee2c95661eb59db0a8b56f901f64ffadf73dc033be97662",
      "bytes": 1158,
      "rows": 1
    },
    {
      "file": "val.jsonl",
      "sha256": "0461665d07c8e42ba210d58edbba07c528714d731cae9ce33b1c71658dcbe191",
      "bytes": 1175,
      "rows": 1
    }
  ],
  "total_rows": 3
}
