{
  "dataset_manifest_version": "dino.dataset_manifest.v1",
  "created_at_utc": "2026-01-27T16:57:02Z",
  "items": [
    {
      "file": "test.jsonl",
      "sha256": "10914f6a9bd7e0cd129321d644459627ec9805fbea1be2fabd8cd313435b3bcb",
      "bytes": 1029,
      "rows": 1
    },
    {
      "file": "train.jsonl",
      "sha256": "cf3fcddc5736c0dc0007b55c99335b992737ed658579a0062304a29591acebc7",
      "bytes": 18382,
      "rows": 18
    },
    {
      "file": "val.jsonl",
      "sha256": "6431db8cc7bb06b59a8d53abef75d7f6cac25034e08ba3d8bf243c65ef7ebd7e",
      "bytes": 1056,
      "rows": 1
    }
  ],
  "total_rows": 20
}
