{
  "dataset_manifest_version": "dino.dataset_manifest.v1",
  "created_at_utc": "2026-01-27T16:58:38Z",
  "items": [
    {
      "file": "test.jsonl",
      "sha256": "bf1d6d90fb8388199bde6bea0b3fba388bb2a6a9b85be89fba57c24f6fa12895",
      "bytes": 897,
      "rows": 1
    },
    {
      "file": "train.jsonl",
      "sha256": "dc0b0fb809122805cc5719b1773c9cebfd649aefdcbc29db25ce16d041e3159f",
      "bytes": 16552,
      "rows": 18
    },
    {
      "file": "val.jsonl",
      "sha256": "3317a2e2067f056564bfe0805ef9546d69aa6cac2b344366fea3e5dff1445ce2",
      "bytes": 980,
      "rows": 1
    }
  ],
  "total_rows": 20
}
