{
  "dataset_manifest_version": "dino.dataset_manifest.v1",
  "created_at_utc": "2026-01-27T08:16:32Z",
  "items": [
    {
      "file": "test.jsonl",
      "sha256": "cf98931c4816f2ea54dd8fa53b8ec0565189f046977cfed1e43d6ea121fb2636",
      "bytes": 1525,
      "rows": 1
    },
    {
      "file": "train.jsonl",
      "sha256": "f4c87aec1028dfab6b328c1e5d8c93f787a4608f30879dd9b1a9e18c58b51e6d",
      "bytes": 26992,
      "rows": 18
    },
    {
      "file": "val.jsonl",
      "sha256": "6e8f0f7f6a279d6a1d7648e4fca5c2a89b7f174cddcb595caeff0a950e08c611",
      "bytes": 1498,
      "rows": 1
    }
  ],
  "total_rows": 20
}
