{
  "dataset_manifest_version": "dino.dataset_manifest.v1",
  "created_at_utc": "2026-01-27T17:15:44Z",
  "items": [
    {
      "file": "test.jsonl",
      "sha256": "3ad4180cabd8c5b9704f34e7c10c0f9f70c0a067801a92b75a901cfc819b0890",
      "bytes": 1947,
      "rows": 1
    },
    {
      "file": "train.jsonl",
      "sha256": "526ce0ba307f7e28f2fa1aa4d4d37f9a35d3f719f701dcb14fc65c5657ee2578",
      "bytes": 1986,
      "rows": 1
    },
    {
      "file": "val.jsonl",
      "sha256": "3035172d9ddb287d3deed646ea53f9135e73d565f62ffc9cee35528944d19049",
      "bytes": 2059,
      "rows": 1
    }
  ],
  "total_rows": 3
}
