{
  "dataset_manifest_version": "dino.dataset_manifest.v1",
  "created_at_utc": "2026-01-26T19:12:06Z",
  "items": [
    {
      "file": "test.jsonl",
      "sha256": "c3df99c69d7d4e5c912e12c2dc0746d65e1221c6343bd5fea479d66f95d6ad37",
      "bytes": 1949,
      "rows": 1
    },
    {
      "file": "train.jsonl",
      "sha256": "365cb711eee4cd4cce8a4b1448dc1d5f878c97a638ffc19729d6510b58d8e0ae",
      "bytes": 35469,
      "rows": 18
    },
    {
      "file": "val.jsonl",
      "sha256": "a39af64adda2a7e74905cd68f24ed88e5b62e4cd03ad90ede783b1ce039602c0",
      "bytes": 1919,
      "rows": 1
    }
  ],
  "total_rows": 20
}
