{
  "dataset_manifest_version": "dino.dataset_manifest.v1",
  "created_at_utc": "2026-01-27T16:57:33Z",
  "items": [
    {
      "file": "test.jsonl",
      "sha256": "90d447d0f3920fdf03d3f2113000da1bebccf5036e0b758c3f0b800b40d88fd9",
      "bytes": 1063,
      "rows": 1
    },
    {
      "file": "train.jsonl",
      "sha256": "939b22308055b45d0e093ddd0cbef812edc758d3c526434ad496f2cf98c64528",
      "bytes": 19929,
      "rows": 18
    },
    {
      "file": "val.jsonl",
      "sha256": "d8a9fd6b3a6e4b55151a4995ac4b4a5c7434f966bbcaf57180c00d5dc2d3e79c",
      "bytes": 1158,
      "rows": 1
    }
  ],
  "total_rows": 20
}
