{
  "dataset_manifest_version": "dino.dataset_manifest.v1",
  "created_at_utc": "2026-01-26T23:08:08Z",
  "items": [
    {
      "file": "test.jsonl",
      "sha256": "c582e60af5e2b288eaffc6ae4ef93683d0c78e4b6673a44b11f39c8a999394ae",
      "bytes": 1089,
      "rows": 1
    },
    {
      "file": "train.jsonl",
      "sha256": "e8bab38228fda71378445d6866ad29177325db65532ab7b94916c8c395e746dd",
      "bytes": 20166,
      "rows": 18
    },
    {
      "file": "val.jsonl",
      "sha256": "7fb3179aa7b99abce41b3e7a0979f64a428aadd1ea4857ae6719b61f0cb26377",
      "bytes": 1125,
      "rows": 1
    }
  ],
  "total_rows": 20
}
