{
  "dataset_manifest_version": "dino.dataset_manifest.v1",
  "created_at_utc": "2026-01-26T16:19:14Z",
  "items": [
    {
      "file": "test.jsonl",
      "sha256": "b465658874cc0b5f4323633881291c00b21d0a6eee02d4aabf18328f165f4be9",
      "bytes": 656,
      "rows": 1
    },
    {
      "file": "train.jsonl",
      "sha256": "b7c30f4c4637309b9f64ee63066f9956f041bcc4f56122777c68b7249881073f",
      "bytes": 11778,
      "rows": 18
    },
    {
      "file": "val.jsonl",
      "sha256": "1c507fb734c5b1587383509e7fb2d11e2655dc5e9ebd5bf27a496d850994acfd",
      "bytes": 656,
      "rows": 1
    }
  ],
  "total_rows": 20
}
