{
  "dataset_manifest_version": "dino.dataset_manifest.v1",
  "created_at_utc": "2026-01-26T19:25:24Z",
  "items": [
    {
      "file": "test.jsonl",
      "sha256": "05ac93b29f17ef2126c12d86b786a5943040c498512f9a8f8dfb5a776776969d",
      "bytes": 980,
      "rows": 1
    },
    {
      "file": "train.jsonl",
      "sha256": "31a5c9ea666bd12c3dc0796318fa54ba01fea19bb953f21f810e7db35e10d4db",
      "bytes": 18672,
      "rows": 18
    },
    {
      "file": "val.jsonl",
      "sha256": "b666a5c61eda3a654366e7edaa07dc702a51698f5b2f63b8dee1c0de13807476",
      "bytes": 1010,
      "rows": 1
    }
  ],
  "total_rows": 20
}
