{
  "dataset_manifest_version": "dino.dataset_manifest.v1",
  "created_at_utc": "2026-01-27T08:29:14Z",
  "items": [
    {
      "file": "test.jsonl",
      "sha256": "e5fa0cc8a108d80e4dbb0e7af6c9148797f4c216eb67f8423954d38f79dc3908",
      "bytes": 3100,
      "rows": 1
    },
    {
      "file": "train.jsonl",
      "sha256": "fb63cb4270f56fb7876c03a6a495b54c73dffa0c5d6b4b1d2e293d7440f24a38",
      "bytes": 55412,
      "rows": 18
    },
    {
      "file": "val.jsonl",
      "sha256": "6663b0b7f173435a58514e1524be769dbce3aa45c4a42c18742e9c825b46bf08",
      "bytes": 3073,
      "rows": 1
    }
  ],
  "total_rows": 20
}
