{
  "dataset_manifest_version": "dino.dataset_manifest.v1",
  "created_at_utc": "2026-01-27T17:01:42Z",
  "items": [
    {
      "file": "test.jsonl",
      "sha256": "ce498c190c75ca32584e35631001e76e61afef398277597a419416f23b9883fc",
      "bytes": 1512,
      "rows": 1
    },
    {
      "file": "train.jsonl",
      "sha256": "16ff6dbc77e4ccf799990a365e319a1617c05f4fcfb9ec144f026276a1739548",
      "bytes": 27715,
      "rows": 18
    },
    {
      "file": "val.jsonl",
      "sha256": "7fc8272dbf89435ae191a2385946943fba6e1aaeed9992671ead7e580223499b",
      "bytes": 1512,
      "rows": 1
    }
  ],
  "total_rows": 20
}
