{
  "dataset_manifest_version": "dino.dataset_manifest.v1",
  "created_at_utc": "2026-01-27T14:23:24Z",
  "items": [
    {
      "file": "test.jsonl",
      "sha256": "19233d9ea51148100e576accb855091a6944b12062998f4ce744205c992aba58",
      "bytes": 1954,
      "rows": 1
    },
    {
      "file": "train.jsonl",
      "sha256": "c2e39196128c1292aa4993f73f1297880aa663452be18e034900814db98b2354",
      "bytes": 35724,
      "rows": 18
    },
    {
      "file": "val.jsonl",
      "sha256": "885b5189c12e146df66b9fa3cb93aa91496a47b32b55b07d19f0d38137397de2",
      "bytes": 1887,
      "rows": 1
    }
  ],
  "total_rows": 20
}
