{
  "dataset_manifest_version": "dino.dataset_manifest.v1",
  "created_at_utc": "2026-01-27T14:12:20Z",
  "items": [
    {
      "file": "test.jsonl",
      "sha256": "327be380d52a09589739b477fca674be8822752bc8979f05f9104be93ee884b7",
      "bytes": 1306,
      "rows": 1
    },
    {
      "file": "train.jsonl",
      "sha256": "c6a7c81bed9fc5c23d691fc50803fa677d4bfbde715f1cf62b64cc67a71f1b15",
      "bytes": 22824,
      "rows": 18
    },
    {
      "file": "val.jsonl",
      "sha256": "a3985b76ee8bd3b56bbd4fe2ff0fd46808db46d9922a3d5a483b0a76551351c7",
      "bytes": 1217,
      "rows": 1
    }
  ],
  "total_rows": 20
}
