{
  "dataset_manifest_version": "dino.dataset_manifest.v1",
  "created_at_utc": "2026-01-27T16:16:19Z",
  "items": [
    {
      "file": "test.jsonl",
      "sha256": "ce498c190c75ca32584e35631001e76e61afef398277597a419416f23b9883fc",
      "bytes": 1512,
      "rows": 1
    },
    {
      "file": "train.jsonl",
      "sha256": "1946ad613f92d53a6eb548f899ec761efd98bbfc3c4ebeb88d48980006ceeeb1",
      "bytes": 27701,
      "rows": 18
    },
    {
      "file": "val.jsonl",
      "sha256": "97c7b2f2c0b98e9536b3ddd5f19869a3e8153a6538f1643a7eb699387065a489",
      "bytes": 1511,
      "rows": 1
    }
  ],
  "total_rows": 20
}
