{
  "dataset_manifest_version": "dino.dataset_manifest.v1",
  "created_at_utc": "2026-01-27T16:58:52Z",
  "items": [
    {
      "file": "test.jsonl",
      "sha256": "1861378f52e1a8c7b69985f74cfdd03d244d3d30ccf2d0f9e01f5b1755c96188",
      "bytes": 838,
      "rows": 1
    },
    {
      "file": "train.jsonl",
      "sha256": "08d3c1c74f18c76e1d67ddb238e006ca16fa9cf5ac8e7e572da944f1e4112272",
      "bytes": 15583,
      "rows": 18
    },
    {
      "file": "val.jsonl",
      "sha256": "d91b3f21eed0248a53dd5cd5c02593494818bc8aa278f16a45f647bd19dbf009",
      "bytes": 849,
      "rows": 1
    }
  ],
  "total_rows": 20
}
