{
  "dataset_manifest_version": "dino.dataset_manifest.v1",
  "created_at_utc": "2026-01-27T17:15:15Z",
  "items": [
    {
      "file": "test.jsonl",
      "sha256": "35d82625e28cda477fb380583448e7044d5c0ccabc32a660e29e9de9bad357d4",
      "bytes": 968,
      "rows": 1
    },
    {
      "file": "train.jsonl",
      "sha256": "faeebc3c67b0f9e92d2d17307bde8755fc09b174379d154076c63b391e799647",
      "bytes": 988,
      "rows": 1
    },
    {
      "file": "val.jsonl",
      "sha256": "61f8c855b8deaded991652e09b9a8c87d32259ea6c4a386b9eabcb6d5bac73f7",
      "bytes": 976,
      "rows": 1
    }
  ],
  "total_rows": 3
}
