{
  "dataset_manifest_version": "dino.dataset_manifest.v1",
  "created_at_utc": "2026-01-27T15:14:48Z",
  "items": [
    {
      "file": "test.jsonl",
      "sha256": "250fe1357516e8fcfc39382246e6c9ceecf6677a2868e4c5b2b6750443e55c14",
      "bytes": 1439,
      "rows": 1
    },
    {
      "file": "train.jsonl",
      "sha256": "78da42069d5385a87413cf0910996e9d9b3e62d30cf1dbec58139f2c0223f4cf",
      "bytes": 24632,
      "rows": 18
    },
    {
      "file": "val.jsonl",
      "sha256": "4e0be898a88b3462823fb4362ec3ba5e9639bd23b9fcfff2e7c26339f74042d4",
      "bytes": 1189,
      "rows": 1
    }
  ],
  "total_rows": 20
}
