{
  "dataset_manifest_version": "dino.dataset_manifest.v1",
  "created_at_utc": "2026-01-27T17:15:00Z",
  "items": [
    {
      "file": "test.jsonl",
      "sha256": "05bf211b1e0911ecdc81d1ed63dd33672528f9c3a9cd85649d61a19843557cc2",
      "bytes": 1638,
      "rows": 1
    },
    {
      "file": "train.jsonl",
      "sha256": "acd6570afe5d3ff03f02b29299b67185323c693a601eeb82563c75aec4c07267",
      "bytes": 1712,
      "rows": 1
    },
    {
      "file": "val.jsonl",
      "sha256": "ef924d8c34901f729393ac2189157adb36186025acccd873fa60982b698873df",
      "bytes": 1520,
      "rows": 1
    }
  ],
  "total_rows": 3
}
