{
  "dataset_manifest_version": "dino.dataset_manifest.v1",
  "created_at_utc": "2026-01-27T17:15:55Z",
  "items": [
    {
      "file": "test.jsonl",
      "sha256": "40824d7d278285cf848792cda447621ef7972851c38ac5ea526487fc1905a214",
      "bytes": 1777,
      "rows": 1
    },
    {
      "file": "train.jsonl",
      "sha256": "8e34b548e4f59291d129cced95f88fc43aa23edf37fab26307a094fdd9dac6ee",
      "bytes": 1561,
      "rows": 1
    },
    {
      "file": "val.jsonl",
      "sha256": "3e20f95ee16a6379596b7cc81784ffb39c4262e4db1cf51a8e054c3ba8b26191",
      "bytes": 1713,
      "rows": 1
    }
  ],
  "total_rows": 3
}
