{
  "dataset_manifest_version": "dino.dataset_manifest.v1",
  "created_at_utc": "2026-01-27T17:00:02Z",
  "items": [
    {
      "file": "test.jsonl",
      "sha256": "9ed6f3171057a022e689c2b79a3ba79db0560e33dfe0ae3df23cead980742b86",
      "bytes": 1306,
      "rows": 1
    },
    {
      "file": "train.jsonl",
      "sha256": "a067866dd53af0729311a39034450b0aa0d9569768f341afd911ae76335bbe09",
      "bytes": 22824,
      "rows": 18
    },
    {
      "file": "val.jsonl",
      "sha256": "657dc7416eac60f404d22065a12f05255398c01267398f4339be8ab0e6ef6a58",
      "bytes": 1217,
      "rows": 1
    }
  ],
  "total_rows": 20
}
