{
  "dataset_manifest_version": "dino.dataset_manifest.v1",
  "created_at_utc": "2026-01-27T17:15:39Z",
  "items": [
    {
      "file": "test.jsonl",
      "sha256": "c906dc7be90288a25a4ecfdd33a48a02cc2aea0e60b4e02e0814badbbd3b6cad",
      "bytes": 777,
      "rows": 1
    },
    {
      "file": "train.jsonl",
      "sha256": "2c3a82c3251e59d016207dddb62a72db9a07a11bfaf12728f7bad94cfaecfaa0",
      "bytes": 754,
      "rows": 1
    },
    {
      "file": "val.jsonl",
      "sha256": "54c6a876268e68a1440b9b929157465d825023ec1cbf31a11adacb733ca72c6a",
      "bytes": 747,
      "rows": 1
    }
  ],
  "total_rows": 3
}
