{
  "dataset_manifest_version": "dino.dataset_manifest.v1",
  "created_at_utc": "2026-01-27T14:46:56Z",
  "items": [
    {
      "file": "test.jsonl",
      "sha256": "6aee387358073f87735882771b8b8cdb4c26e04d6f087520df3324a40bb57ea9",
      "bytes": 1130,
      "rows": 1
    },
    {
      "file": "train.jsonl",
      "sha256": "6a3507a81517db36e2c8208388440fc9895bf14b46efdf4ff69782fd98bfa360",
      "bytes": 20736,
      "rows": 18
    },
    {
      "file": "val.jsonl",
      "sha256": "f0debc0a43f7055a2a2847343b695dbf338040768801c0866f1f3b66419f3682",
      "bytes": 1232,
      "rows": 1
    }
  ],
  "total_rows": 20
}
