{
  "dataset_manifest_version": "dino.dataset_manifest.v1",
  "created_at_utc": "2026-01-26T20:52:20Z",
  "items": [
    {
      "file": "test.jsonl",
      "sha256": "026c79d898642d7b091f1088fdd668da8c2a1aafd08a8ac170fcf1d9a0309a80",
      "bytes": 1018,
      "rows": 1
    },
    {
      "file": "train.jsonl",
      "sha256": "6ed08f3587e5751a0489c583f8c4605767c9eabe2e4b09e2ecd7061cdd38b3f6",
      "bytes": 20656,
      "rows": 18
    },
    {
      "file": "val.jsonl",
      "sha256": "ab4551c137bdc744113ab338d875b40d241e6e811713cd75b5dad7d46912c927",
      "bytes": 1089,
      "rows": 1
    }
  ],
  "total_rows": 20
}
