{
  "dataset_manifest_version": "dino.dataset_manifest.v1",
  "created_at_utc": "2026-01-26T20:25:23Z",
  "items": [
    {
      "file": "test.jsonl",
      "sha256": "1dcc9fa2375f91a478747c935e488117e4e897ad8c7b4c4ae200989fdd5223a2",
      "bytes": 1736,
      "rows": 1
    },
    {
      "file": "train.jsonl",
      "sha256": "ae55d064c9152b4e92ec6c36fcc571a91c219cfad99444e59360560702c9f808",
      "bytes": 31894,
      "rows": 18
    },
    {
      "file": "val.jsonl",
      "sha256": "dd0289ee1ceed9b58fe904616f2eb1d259cffa62210a758eebbb27913b3a94c8",
      "bytes": 1832,
      "rows": 1
    }
  ],
  "total_rows": 20
}
