{
  "dataset_manifest_version": "dino.dataset_manifest.v1",
  "created_at_utc": "2026-01-26T23:01:02Z",
  "items": [
    {
      "file": "test.jsonl",
      "sha256": "18baf925563534d4aa42c2e3892f3cb1a640da68523397d5e251bcb5c56074b5",
      "bytes": 897,
      "rows": 1
    },
    {
      "file": "train.jsonl",
      "sha256": "eb24f1952259dcf51c029752260829a4b54fd3823bde7a5da659b44285311359",
      "bytes": 16552,
      "rows": 18
    },
    {
      "file": "val.jsonl",
      "sha256": "5cc187f9ab18625c6d4ee46665112940adadee7d60cca116410a73f69d9c81f3",
      "bytes": 980,
      "rows": 1
    }
  ],
  "total_rows": 20
}
