{
  "dataset_manifest_version": "dino.dataset_manifest.v1",
  "created_at_utc": "2026-01-27T11:48:54Z",
  "items": [
    {
      "file": "test.jsonl",
      "sha256": "0bc1c1d9713b4cd894fd9440a15470f3bb69c4f6bc9c654f902b5a0d96275cd9",
      "bytes": 1303,
      "rows": 1
    },
    {
      "file": "train.jsonl",
      "sha256": "7e45beed1c04c6fd6980b2b2646475e975bfdc2f15918724da9eb385b7550c27",
      "bytes": 22522,
      "rows": 18
    },
    {
      "file": "val.jsonl",
      "sha256": "32711c378cf478a918855cbd990457520e5d2db53f1bfc969a78634173dee0c2",
      "bytes": 1513,
      "rows": 1
    }
  ],
  "total_rows": 20
}
