{
  "dataset_manifest_version": "dino.dataset_manifest.v1",
  "created_at_utc": "2026-01-27T17:00:17Z",
  "items": [
    {
      "file": "test.jsonl",
      "sha256": "0cafdb7c5d358f1047823e6b95fcfe69633b1af80f424eb6e23f82c0d29d68ef",
      "bytes": 1954,
      "rows": 1
    },
    {
      "file": "train.jsonl",
      "sha256": "4ceaa3b456be1c25a7d6730682776169259e75da8bcf07a76100951b73ed3a4f",
      "bytes": 35724,
      "rows": 18
    },
    {
      "file": "val.jsonl",
      "sha256": "6596e60a44a5ec78cec571727daf35b26042408434084e08a05ff1cd8cc8f4c1",
      "bytes": 1887,
      "rows": 1
    }
  ],
  "total_rows": 20
}
