{
  "dataset_manifest_version": "dino.dataset_manifest.v1",
  "created_at_utc": "2026-01-27T17:16:03Z",
  "items": [
    {
      "file": "test.jsonl",
      "sha256": "1693af1c48f70dcedaa10c72e5e3c7813d5279e62c005b92afc736a4ba8dd01a",
      "bytes": 1365,
      "rows": 1
    },
    {
      "file": "train.jsonl",
      "sha256": "bc58edd39bb62bcf6273c1d568efef85a40ba76c54e44d3ca1c8e755a36d3e54",
      "bytes": 1272,
      "rows": 1
    },
    {
      "file": "val.jsonl",
      "sha256": "acb83ec96ddbfe7a7224386f5d25d1612fc29255cc99853963b8285685973048",
      "bytes": 1429,
      "rows": 1
    }
  ],
  "total_rows": 3
}
