{
  "dataset_manifest_version": "dino.dataset_manifest.v1",
  "created_at_utc": "2026-01-26T22:33:34Z",
  "items": [
    {
      "file": "test.jsonl",
      "sha256": "bb1901acc2e2535b3ff74c193ded2dfee6b046295b294d61c1969160846b69d5",
      "bytes": 1063,
      "rows": 1
    },
    {
      "file": "train.jsonl",
      "sha256": "827074463f28feffa53eb64d41cbf0dfa98333315fb3e8c240899ef3198b2679",
      "bytes": 19929,
      "rows": 18
    },
    {
      "file": "val.jsonl",
      "sha256": "8d8fb5845f5d08a734fc8e322d15af5b2e0912a39725768adb18e48e33ef62f9",
      "bytes": 1158,
      "rows": 1
    }
  ],
  "total_rows": 20
}
