{
  "dataset_manifest_version": "dino.dataset_manifest.v1",
  "created_at_utc": "2026-01-27T17:14:57Z",
  "items": [
    {
      "file": "test.jsonl",
      "sha256": "3dbf3488cc09af690af40db3f7dab1c8cdac929c60002c64cf253aaa7134cad9",
      "bytes": 1105,
      "rows": 1
    },
    {
      "file": "train.jsonl",
      "sha256": "3c8d5a4ae54307a1b5ba81117d5c51ce72155ff6994fc3c8b40f956b15d8bd70",
      "bytes": 1140,
      "rows": 1
    },
    {
      "file": "val.jsonl",
      "sha256": "76dd46a59f7e02cdadb73a7dd7976d60d7bec499029b90a7fe6ce05fe56b3d5b",
      "bytes": 1089,
      "rows": 1
    }
  ],
  "total_rows": 3
}
