{
  "dataset_manifest_version": "dino.dataset_manifest.v1",
  "created_at_utc": "2026-01-27T16:58:09Z",
  "items": [
    {
      "file": "test.jsonl",
      "sha256": "860a10ea8a49c40c11c6f933015406a82dae350512bef670816bcba4e66f3522",
      "bytes": 1070,
      "rows": 1
    },
    {
      "file": "train.jsonl",
      "sha256": "2d77a16960fcbc5dc9c74c83d93bcc34b035221afa0374d6021fd78861cbb328",
      "bytes": 18389,
      "rows": 18
    },
    {
      "file": "val.jsonl",
      "sha256": "11b224220b60954d92f4ab966e9297f72ebe59d018bb678c773757edd66da587",
      "bytes": 991,
      "rows": 1
    }
  ],
  "total_rows": 20
}
