{
  "dataset_manifest_version": "dino.dataset_manifest.v1",
  "created_at_utc": "2026-01-27T17:15:08Z",
  "items": [
    {
      "file": "test.jsonl",
      "sha256": "d805292bebe7cad11a01b155c101de22674fa933749e08a87192764e45c30b75",
      "bytes": 965,
      "rows": 1
    },
    {
      "file": "train.jsonl",
      "sha256": "bc890e8c310aad389a421745581ab420eafe8ffa93e5e405f995d9b1886eb376",
      "bytes": 872,
      "rows": 1
    },
    {
      "file": "val.jsonl",
      "sha256": "846dbb9eb43df3c190f3049e2223e09fdf7096ed2d31fe75311a62b4acc1e53b",
      "bytes": 898,
      "rows": 1
    }
  ],
  "total_rows": 3
}
