{
  "dataset_manifest_version": "dino.dataset_manifest.v1",
  "created_at_utc": "2026-01-27T17:15:57Z",
  "items": [
    {
      "file": "test.jsonl",
      "sha256": "dfcecf99ad91c0b3263b081185d41fc777861e4d10fff362140e5374dd8dee0f",
      "bytes": 1613,
      "rows": 1
    },
    {
      "file": "train.jsonl",
      "sha256": "3c2964ff0b5b13b8b8b323102cc4b71ce2e3261cffeaec367086a550b139247f",
      "bytes": 1636,
      "rows": 1
    },
    {
      "file": "val.jsonl",
      "sha256": "f3af730b1e1f7a1f6743504d8dca2755dbd7ddf13982ce74445c2df1ea58c7d4",
      "bytes": 1619,
      "rows": 1
    }
  ],
  "total_rows": 3
}
