{
  "dataset_manifest_version": "dino.dataset_manifest.v1",
  "created_at_utc": "2026-01-27T17:15:13Z",
  "items": [
    {
      "file": "test.jsonl",
      "sha256": "17d3d12d32d303907ddc2e23890572ea8b384263296e2e1b56c13d8e4b0183b2",
      "bytes": 1111,
      "rows": 1
    },
    {
      "file": "train.jsonl",
      "sha256": "51d1d6eb6e4e2ac320ca3c40df12ba153d8bb69f7b5f99647635dbc1ca674eff",
      "bytes": 1133,
      "rows": 1
    },
    {
      "file": "val.jsonl",
      "sha256": "b4b7ea47f70c19438dc38ce2ae77dbf5f136a328b222ce0b805d180e3dc03c7c",
      "bytes": 1186,
      "rows": 1
    }
  ],
  "total_rows": 3
}
