{
  "dataset_manifest_version": "dino.dataset_manifest.v1",
  "created_at_utc": "2026-01-26T12:46:38Z",
  "items": [
    {
      "file": "test.jsonl",
      "sha256": "610fb611c3dc0b4617bf0a7401b1288471ee2ea6f2ebc6e1f08ee474cb3c394c",
      "bytes": 1162,
      "rows": 1
    },
    {
      "file": "train.jsonl",
      "sha256": "3841bf52595d32d99768931ee39b793d5a6486a3d7dfb40a2acd75c43c52211c",
      "bytes": 25496,
      "rows": 18
    },
    {
      "file": "val.jsonl",
      "sha256": "82a8e2fe2f810be40bb031e38c0e3e83be9c9ac80eff3a92fc10c8468dc7e62c",
      "bytes": 968,
      "rows": 1
    }
  ],
  "total_rows": 20
}
