{
  "dataset_manifest_version": "dino.dataset_manifest.v1",
  "created_at_utc": "2026-01-26T21:37:33Z",
  "items": [
    {
      "file": "test.jsonl",
      "sha256": "fa4ec7fcb8daca0daae2c39c20028356d8f39cc6db6cfa4bdef224c5d28bd8fc",
      "bytes": 844,
      "rows": 1
    },
    {
      "file": "train.jsonl",
      "sha256": "9ef5a945a9207f77d9d7ffbd16f925430209d249f2d94ff9804a20ddf7974efd",
      "bytes": 15364,
      "rows": 18
    },
    {
      "file": "val.jsonl",
      "sha256": "fc981b0705f705a64f3b6a2f258cf549df8b7bdf6eeaa8ac3a95178e627f27f8",
      "bytes": 819,
      "rows": 1
    }
  ],
  "total_rows": 20
}
