{
  "dataset_manifest_version": "dino.dataset_manifest.v1",
  "created_at_utc": "2026-01-27T11:56:03Z",
  "items": [
    {
      "file": "test.jsonl",
      "sha256": "88a4de59846beb81af22a2ef0a0d40e5d711baed7a96bb554a19d0d81617dd27",
      "bytes": 1512,
      "rows": 1
    },
    {
      "file": "train.jsonl",
      "sha256": "47546838e05037f8db3e0a99a68fa5ddecbdabeb8b8edb7a2d024828081ac308",
      "bytes": 27397,
      "rows": 18
    },
    {
      "file": "val.jsonl",
      "sha256": "b3d12658d0a94984842bcbbb074ccf770a33eaaf289ea5f192011c72844a36a6",
      "bytes": 1289,
      "rows": 1
    }
  ],
  "total_rows": 20
}
