{
  "dataset_manifest_version": "dino.dataset_manifest.v1",
  "created_at_utc": "2026-01-27T09:13:32Z",
  "items": [
    {
      "file": "test.jsonl",
      "sha256": "6472760fe882a6d490bd8a88998356edc4e228c757dce4ab91a474f9fe2f283a",
      "bytes": 1258,
      "rows": 1
    },
    {
      "file": "train.jsonl",
      "sha256": "78b74bb3d42168ace8caa36281e5c42f67e48f50dd553f864fb997cc6372d052",
      "bytes": 22822,
      "rows": 18
    },
    {
      "file": "val.jsonl",
      "sha256": "8fcde92430c36f0d45056eabf63e062a4882e49301d8cbd8ebf66e557ac56c09",
      "bytes": 1240,
      "rows": 1
    }
  ],
  "total_rows": 20
}
