{
  "dataset_manifest_version": "dino.dataset_manifest.v1",
  "created_at_utc": "2026-01-27T17:00:31Z",
  "items": [
    {
      "file": "test.jsonl",
      "sha256": "7d95f436c0783974702e85a0fd50c1322d558257bbed621dbf3e52230fcbe0ac",
      "bytes": 1395,
      "rows": 1
    },
    {
      "file": "train.jsonl",
      "sha256": "a6d406d20cff8c7fddb4e6225c2bbaae426e1c78ed782df86f5b0b39e0607ca7",
      "bytes": 24705,
      "rows": 18
    },
    {
      "file": "val.jsonl",
      "sha256": "dfb74f68b3b20469612fbbb70ae7d40ffbe9e5d6c90d8ff0ad4438bc8301a605",
      "bytes": 1447,
      "rows": 1
    }
  ],
  "total_rows": 20
}
