{
  "dataset_manifest_version": "dino.dataset_manifest.v1",
  "created_at_utc": "2026-01-27T07:38:18Z",
  "items": [
    {
      "file": "test.jsonl",
      "sha256": "acddd4ee566ec9a3dbe479c6f22ec45e213b3bfbaf732f6f821d988f066c77db",
      "bytes": 990,
      "rows": 1
    },
    {
      "file": "train.jsonl",
      "sha256": "3645084d78093c951b5f47dd3a7810e4d2b07778a1591119105966f7210c9e20",
      "bytes": 17420,
      "rows": 18
    },
    {
      "file": "val.jsonl",
      "sha256": "f21a0594547772b1a0b1942f26bd3855aa1c49456ff0c8780dda4d1154f41046",
      "bytes": 971,
      "rows": 1
    }
  ],
  "total_rows": 20
}
