{
  "dataset_manifest_version": "dino.dataset_manifest.v1",
  "created_at_utc": "2026-01-27T17:15:47Z",
  "items": [
    {
      "file": "test.jsonl",
      "sha256": "cd0a4d39017d433a1d0936f2c61bb84430a0da0e7a83c69ecdc3ee3a7517ee1f",
      "bytes": 1462,
      "rows": 1
    },
    {
      "file": "train.jsonl",
      "sha256": "b4bb8d713ffbcb2af0fc6972603cbe32a0708403e05bcb4ffad88bc351dff3e2",
      "bytes": 1542,
      "rows": 1
    },
    {
      "file": "val.jsonl",
      "sha256": "2209e8aac2d53a7bb5c71832e961c2877f235998b1561ab59d8be46bd03892ca",
      "bytes": 1522,
      "rows": 1
    }
  ],
  "total_rows": 3
}
