{
  "dataset_manifest_version": "dino.dataset_manifest.v1",
  "created_at_utc": "2026-01-27T12:02:25Z",
  "items": [
    {
      "file": "test.jsonl",
      "sha256": "567d8d7dd9383ea2bc41f4da91f88e6454417c51dc15af0dcce619d6d2359f04",
      "bytes": 1128,
      "rows": 1
    },
    {
      "file": "train.jsonl",
      "sha256": "81bdd708a574eeb975042d8ba6e45b85a168ae24e7c1a0efdf8506188e8ba244",
      "bytes": 19196,
      "rows": 18
    },
    {
      "file": "val.jsonl",
      "sha256": "a87ea595d767bb323c17ef9bc6bbd3b4f7ab6ed1558107cac3197deba67d7f13",
      "bytes": 1131,
      "rows": 1
    }
  ],
  "total_rows": 20
}
