{
  "dataset_manifest_version": "dino.dataset_manifest.v1",
  "created_at_utc": "2026-01-27T17:15:36Z",
  "items": [
    {
      "file": "test.jsonl",
      "sha256": "2f67b598bf9c68c7125bb2241acb1814c4a48c0c1874081aa18c4e7f3d201796",
      "bytes": 907,
      "rows": 1
    },
    {
      "file": "train.jsonl",
      "sha256": "34003ccdd567f6817dbba59c3cb6ebb500b86d43dd60ca5f1e3c143fa7c910b8",
      "bytes": 761,
      "rows": 1
    },
    {
      "file": "val.jsonl",
      "sha256": "dfff4ee04eda4d800964a1bca8fc939145241c7c12f305da9ac4b38638d46e40",
      "bytes": 753,
      "rows": 1
    }
  ],
  "total_rows": 3
}
