{
  "dataset_manifest_version": "dino.dataset_manifest.v1",
  "created_at_utc": "2026-01-27T16:57:49Z",
  "items": [
    {
      "file": "test.jsonl",
      "sha256": "2797ca19a2eb11b0daa223b00a0ce0ecca8b870a70733acea152a4cbd1fb42d7",
      "bytes": 1564,
      "rows": 1
    },
    {
      "file": "train.jsonl",
      "sha256": "48e04f206dfdd319441af367ae2cb88e9beb60d31ee12e11b933d43446368fb2",
      "bytes": 29465,
      "rows": 18
    },
    {
      "file": "val.jsonl",
      "sha256": "dfda1c65500b36f13c835925684c2deb622d2c002fb4144a39184b52d1d39248",
      "bytes": 1568,
      "rows": 1
    }
  ],
  "total_rows": 20
}
