{
  "dataset_manifest_version": "dino.dataset_manifest.v1",
  "created_at_utc": "2026-01-27T16:59:47Z",
  "items": [
    {
      "file": "test.jsonl",
      "sha256": "0a26a0883512f8b342e0b8f76ceae46a4e7eee11ac13200994555be0927e8b7f",
      "bytes": 3100,
      "rows": 1
    },
    {
      "file": "train.jsonl",
      "sha256": "a2d7624635bd896d09f5094ef8204e4d7f87ae04751acf5b20e0d2409e8deeab",
      "bytes": 55412,
      "rows": 18
    },
    {
      "file": "val.jsonl",
      "sha256": "c26b3ef8a75afe65dd7d782b82ffa8b7fba35ac2b97dde6342c3ba6647b7bbb6",
      "bytes": 3073,
      "rows": 1
    }
  ],
  "total_rows": 20
}
