{
  "dataset_manifest_version": "dino.dataset_manifest.v1",
  "created_at_utc": "2026-01-27T09:30:50Z",
  "items": [
    {
      "file": "test.jsonl",
      "sha256": "69f081568334d0adcde59ad7ec1b321f43d7c527e6078d1bfbfe8885070b2bc7",
      "bytes": 1126,
      "rows": 1
    },
    {
      "file": "train.jsonl",
      "sha256": "222c224bcb6ad6a9374eda6f4bb4dbb183506c6af6978ead898b17d99e3a8932",
      "bytes": 20257,
      "rows": 18
    },
    {
      "file": "val.jsonl",
      "sha256": "7b9a0981ab066d10dc8a7e4b3169e58772fdb70400a911272bf8ddb3f498a894",
      "bytes": 1094,
      "rows": 1
    }
  ],
  "total_rows": 20
}
