{
  "dataset_manifest_version": "dino.dataset_manifest.v1",
  "created_at_utc": "2026-01-27T16:59:23Z",
  "items": [
    {
      "file": "test.jsonl",
      "sha256": "6600dc06e35f9f749bf88d3cf4bf33a48c93eafd02ee9a43fc3306354cf1dc3a",
      "bytes": 990,
      "rows": 1
    },
    {
      "file": "train.jsonl",
      "sha256": "88ff7f63b88c4a93974e68e2d9e2b3a15436346fbd354b82269bbe7781e6b748",
      "bytes": 17420,
      "rows": 18
    },
    {
      "file": "val.jsonl",
      "sha256": "479ddfd67d578d84e3d6cce78705309e770ac2e744c49b8d44564a9ca1e3e320",
      "bytes": 971,
      "rows": 1
    }
  ],
  "total_rows": 20
}
