{
  "dataset_manifest_version": "dino.dataset_manifest.v1",
  "created_at_utc": "2026-01-27T17:15:26Z",
  "items": [
    {
      "file": "test.jsonl",
      "sha256": "6b6f798cf55a662db599044bceb1955a6fb94ba688d27f222889447cb14e98ff",
      "bytes": 1501,
      "rows": 1
    },
    {
      "file": "train.jsonl",
      "sha256": "aa22b7ab49777e98be3dc5ed03b890c45077dc369c2c4c22f88917ccb33a3536",
      "bytes": 1536,
      "rows": 1
    },
    {
      "file": "val.jsonl",
      "sha256": "67fdf17c30c60d7702097c6e092a2796130244c734e7dd90b63def2f70143ad5",
      "bytes": 1674,
      "rows": 1
    }
  ],
  "total_rows": 3
}
