{
  "dataset_manifest_version": "dino.dataset_manifest.v1",
  "created_at_utc": "2026-01-27T17:15:31Z",
  "items": [
    {
      "file": "test.jsonl",
      "sha256": "c4aa067a5b77259bf94e2b012c934fd35f81100d668d04e39a263a1f8d140344",
      "bytes": 1088,
      "rows": 1
    },
    {
      "file": "train.jsonl",
      "sha256": "b5c8b77a9d368c848e361c913cb6bdd45da0c49c387b2ed51e2be0033ab329c0",
      "bytes": 1082,
      "rows": 1
    },
    {
      "file": "val.jsonl",
      "sha256": "7bef464c366d5e37827a937ee9cabbbaea1283b39345c4e736fbdbd40313bf28",
      "bytes": 1044,
      "rows": 1
    }
  ],
  "total_rows": 3
}
